id,title,date,completed
1,Adela,2/9/2024,true
2,Grazia,4/28/2023,false
3,Luciano,4/10/2023,true
4,Donetta,10/19/2023,true
5,Frederique,6/17/2023,false
6,Nananne,10/17/2023,true
7,Roldan,10/19/2023,false
8,Clary,2/12/2024,false
9,Abramo,5/31/2023,false
10,Karin,3/6/2024,false
11,Cicily,7/20/2023,true
12,Jeana,3/12/2024,true
13,Jere,5/2/2023,true
14,Rufe,6/22/2023,true
15,Minna,6/6/2023,true
16,Janeen,10/24/2023,true
17,Jessi,4/16/2023,false
18,Benoit,2/29/2024,true
19,Annis,6/17/2023,false
20,Katharina,12/12/2023,true
21,Hewe,3/1/2024,false
22,Tess,4/29/2023,false
23,Cherilyn,4/13/2023,false
24,Emilee,10/18/2023,true
25,Rita,4/17/2023,true
26,Donalt,1/6/2024,true
27,Eugenio,8/30/2023,true
28,Papagena,5/5/2023,true
29,Lind,12/15/2023,true
30,Diane-marie,5/5/2023,false
31,Lauri,8/25/2023,false
32,Jillayne,6/1/2023,false
33,Kitti,12/31/2023,true
34,Krysta,1/18/2024,false
35,Kristi,8/16/2023,false
36,Ethel,11/5/2023,false
37,Ansley,11/30/2023,true
38,Karol,2/14/2024,false
39,Hy,11/28/2023,false
40,Mavra,3/5/2024,false
41,Kort,10/6/2023,false
42,Tommie,2/14/2024,false
43,Lewes,9/12/2023,false
44,Whitman,5/9/2023,false
45,Cassandre,5/2/2023,true
46,Liliane,12/31/2023,true
47,Gradeigh,6/11/2023,true
48,Frasier,5/15/2023,false
49,Tootsie,6/25/2023,false
50,Gabriel,9/2/2023,false
51,Gretna,8/1/2023,false
52,Forrest,11/17/2023,false
53,Denis,5/10/2023,false
54,Steve,7/21/2023,true
55,Caryn,9/14/2023,true
56,Arielle,3/12/2024,true
57,Rod,12/20/2023,false
58,Darryl,12/2/2023,true
59,Harald,7/9/2023,true
60,Bondie,12/15/2023,true
61,Dayna,8/5/2023,true
62,Bridgette,12/8/2023,true
63,Laughton,11/18/2023,true
64,Meaghan,1/12/2024,false
65,Hedvige,5/11/2023,true
66,Sherilyn,10/12/2023,false
67,Debby,10/20/2023,true
68,Maud,9/5/2023,true
69,Kamillah,11/12/2023,false
70,Allix,6/27/2023,true
71,Sollie,7/6/2023,false
72,Dinnie,3/28/2023,false
73,Marcela,11/10/2023,false
74,Vanda,2/26/2024,false
75,Tonnie,3/2/2024,true
76,Katalin,12/13/2023,true
77,Anjela,4/1/2023,true
78,Karlan,4/28/2023,true
79,Thacher,3/31/2023,true
80,Reeta,8/19/2023,true
81,Fleur,9/30/2023,true
82,Teodoro,5/10/2023,true
83,Scotti,2/9/2024,false
84,Avrit,8/31/2023,false
85,Colette,7/25/2023,true
86,Roxanne,10/12/2023,true
87,Nikkie,12/12/2023,true
88,Clemente,12/16/2023,false
89,Brita,11/8/2023,true
90,Felisha,8/9/2023,true
91,Jacquenette,11/14/2023,true
92,Keary,12/14/2023,true
93,Paulita,6/2/2023,false
94,Fidel,4/30/2023,false
95,Brok,9/6/2023,true
96,Corrianne,7/18/2023,true
97,Lothario,2/25/2024,true
98,Gaylene,10/28/2023,true
99,Chloris,8/29/2023,true
100,Alexina,3/14/2024,false
101,Gare,3/27/2023,false
102,Noe,8/8/2023,false
103,Sissy,8/17/2023,false
104,Josy,5/9/2023,false
105,Mathew,8/5/2023,true
106,Viv,3/15/2024,true
107,Mabel,2/10/2024,false
108,Keith,5/25/2023,false
109,Fritz,2/29/2024,true
110,Minnnie,9/21/2023,false
111,Karim,2/21/2024,true
112,Beulah,12/5/2023,true
113,Rodger,2/28/2024,true
114,Sarina,5/20/2023,false
115,Tadio,4/9/2023,true
116,Ring,7/1/2023,true
117,Joane,3/19/2024,false
118,Marta,4/13/2023,true
119,Jase,12/18/2023,false
120,Codi,7/20/2023,false
121,Cece,5/23/2023,true
122,Darci,5/5/2023,true
123,Dick,12/14/2023,false
124,Constantino,11/16/2023,true
125,Nessa,9/4/2023,false
126,Kile,12/19/2023,true
127,Kimbra,1/15/2024,true
128,Herman,1/17/2024,false
129,Ransom,6/12/2023,true
130,Burg,3/13/2024,false
131,Blanch,5/8/2023,false
132,Tandy,3/3/2024,true
133,Laurie,6/12/2023,true
134,Rogerio,10/8/2023,false
135,Dallon,12/1/2023,false
136,Brod,2/1/2024,true
137,Shandy,2/27/2024,true
138,Lacey,4/13/2023,true
139,Broderick,5/17/2023,false
140,Neal,2/24/2024,true
141,Leone,5/17/2023,false
142,Mannie,8/12/2023,true
143,Teador,1/19/2024,true
144,Taryn,5/24/2023,true
145,Babs,6/9/2023,true
146,Sophie,4/3/2023,true
147,Shelba,10/18/2023,true
148,Cosmo,1/2/2024,true
149,Donny,11/21/2023,false
150,Fonsie,2/10/2024,false
151,Row,2/22/2024,true
152,Berget,8/17/2023,false
153,Vivi,2/4/2024,false
154,Ferdie,2/1/2024,false
155,Nerta,5/4/2023,true
156,Berkie,4/3/2023,true
157,Biron,3/2/2024,false
158,Karoly,9/9/2023,true
159,Gilburt,11/28/2023,false
160,Emmit,4/22/2023,true
161,Vaughn,11/22/2023,false
162,Beckie,11/9/2023,true
163,Aimee,10/21/2023,false
164,Noelyn,6/11/2023,true
165,Gene,5/8/2023,true
166,Barnabe,3/2/2024,true
167,Aldric,9/19/2023,true
168,Klement,5/24/2023,true
169,Lowell,3/28/2023,false
170,Chico,12/27/2023,true
171,Mariquilla,8/22/2023,false
172,Debor,12/26/2023,false
173,Boigie,8/30/2023,true
174,Enoch,1/1/2024,false
175,Jenine,4/18/2023,true
176,Stu,3/3/2024,false
177,Hanny,1/6/2024,true
178,Fabiano,5/30/2023,true
179,Grissel,11/5/2023,false
180,Logan,7/29/2023,true
181,Sigismond,3/12/2024,true
182,Anni,2/24/2024,false
183,Thorpe,7/12/2023,true
184,Gwyn,10/4/2023,true
185,Hunter,9/25/2023,false
186,Donetta,3/24/2023,true
187,Giacobo,4/24/2023,false
188,Ross,6/18/2023,false
189,Gwenore,5/26/2023,true
190,Nixie,4/28/2023,true
191,Tildi,5/17/2023,false
192,Luce,12/8/2023,true
193,Clarence,3/1/2024,false
194,Normie,6/19/2023,true
195,Baudoin,7/2/2023,false
196,Brit,5/21/2023,true
197,Mela,7/11/2023,false
198,Tripp,3/16/2024,true
199,Eddy,1/15/2024,true
200,Charlene,6/19/2023,false
